Id,Region,Bedrooms,Bathrooms,Square_Meters,Dist_to_Park,Dist_to_Hospital,Dist_to_Underground,Dist_to_School,Crime_Rate,Price
0,South,1,1,53,592,2436,2663,963,High,550353
1,East,3,2,70,640,652,2532,510,High,780430
2,North,2,2,79,1831,1485,7837,586,Medium,455771
3,West,6,5,189,255,974,2523,1152,Low,766631
4,West,7,6,199,1602,584,9690,615,Medium,757092
5,South,7,5,178,327,460,1353,1650,Medium,885891
6,South,6,5,212,331,2228,9497,1136,Medium,633024
7,West,7,5,163,1361,1534,2729,1904,High,423277
8,South,7,4,171,1225,424,2896,971,Low,840965
9,West,7,4,120,1231,1520,3863,888,Medium,501169
10,West,6,6,215,717,1427,7013,1540,High,650410
11,North,6,4,138,677,1104,3567,1497,Medium,540774
12,West,3,3,86,1879,304,5243,812,Medium,606553
13,East,3,3,92,179,1034,8085,969,High,600160
14,East,5,4,125,165,2981,8969,763,High,636933
15,South,7,5,183,646,2394,1622,500,Low,1000932
16,South,5,5,137,390,676,1643,523,High,986238
17,West,6,5,199,959,2148,5179,446,Medium,664160
18,West,6,5,182,185,1340,8746,1027,Medium,675101
19,South,5,5,134,851,2153,6924,1012,Low,521990
20,South,6,6,185,934,1152,1798,1076,Medium,843251
21,West,7,6,207,669,1853,9925,661,High,640177
22,West,1,1,52,1787,1333,6307,1399,Low,341352
23,South,7,5,224,308,1897,7514,1000,Low,849669
24,East,3,2,67,457,828,3832,1593,High,566188
25,South,6,5,217,1751,2308,2897,813,Medium,738644
26,South,3,2,77,857,1599,8936,417,Low,654131
27,South,6,4,164,468,1655,9420,1072,Medium,782192
28,West,6,6,223,374,2527,3049,1840,High,568040
29,South,6,5,211,294,2127,7723,511,Low,728949
30,North,1,1,54,1714,2031,8947,1324,High,259286
31,South,7,5,161,831,2096,9133,508,High,741928
32,South,6,6,221,480,2376,2362,1759,High,742323
33,South,5,5,157,1405,2612,7121,1529,Medium,520363
34,West,6,6,236,306,1908,6104,1652,Medium,680325
35,South,4,4,104,822,1610,8563,514,Low,695132
36,South,7,6,233,1750,2192,2912,1681,Low,780036
37,South,5,4,161,1129,2774,2396,1281,Low,563264
38,South,5,4,111,998,1610,1584,625,High,887776
39,South,7,6,240,686,2701,5927,1705,Low,934537
40,East,7,5,150,486,693,8224,1956,High,781495
41,South,7,5,205,263,1692,6950,754,Low,875358
42,South,7,4,157,371,701,9772,1524,High,779575
43,South,5,4,155,141,2205,4024,940,High,743098
44,South,7,6,204,236,1579,4543,860,Low,976677
45,South,7,5,202,849,2763,4364,575,Medium,752771
46,South,1,1,51,118,307,7364,1490,High,630707
47,West,6,4,164,873,1911,5030,1274,Low,529999
48,South,6,5,186,910,1870,4627,524,Low,833298
49,West,6,6,214,683,1676,3950,1062,Low,667992
50,West,1,1,64,1083,1842,4842,1937,Low,371948
51,East,2,3,87,225,449,5537,943,High,794303
52,West,7,5,194,638,536,5968,1489,Low,735412
53,West,7,5,138,1843,1417,6527,785,Medium,536989
54,West,2,2,75,1308,1616,6399,840,High,448468
55,South,3,3,98,279,2336,3522,1654,Medium,547751
56,South,6,4,167,486,471,5693,1954,Medium,735273
57,South,6,5,181,996,1555,3904,1190,Low,851981
58,South,6,5,179,751,2887,1604,774,Low,835120
59,West,7,6,241,1381,2494,7348,1455,Low,638444
60,West,6,5,155,991,953,1536,1661,Low,771366
61,South,7,5,177,1324,2209,8509,1919,Low,587470
62,North,5,4,130,1135,704,4360,892,Low,638410
63,South,7,5,168,1481,845,6194,1017,Low,746389
64,South,6,5,181,172,2829,6729,1777,Low,792131
65,East,2,3,88,758,2263,6585,658,High,474805
66,South,1,1,62,628,1032,3197,1405,Medium,550995
67,South,7,6,241,610,425,2980,1447,Low,1091462
68,North,5,5,123,568,1941,4389,447,High,644990
69,East,1,1,55,252,981,7555,1568,High,562813
70,North,3,3,87,771,2270,5586,468,High,485472
71,East,1,1,63,721,2155,2418,406,Low,443737
72,West,7,5,146,936,2088,9057,1665,High,416885
73,South,7,6,187,551,2220,6589,814,High,754052
74,West,3,4,100,1522,2428,7709,1969,Medium,270623
75,South,7,6,229,474,1220,6336,1447,High,895379
76,South,7,4,150,521,1431,6928,712,High,870161
77,West,5,4,153,832,1368,2462,805,Low,677741
78,West,7,6,234,994,2073,2814,1879,Medium,636939
79,West,6,4,168,724,408,7693,1840,Low,668352
80,East,3,2,82,187,2136,8857,1200,Medium,400150
81,South,6,5,172,861,1707,8865,1825,Low,777574
82,South,7,5,243,630,2340,2442,1184,Medium,894357
83,West,7,5,151,403,1170,1547,1127,Low,570205
84,East,1,1,54,578,2789,6278,1686,High,452142
85,West,6,6,181,489,308,1840,1705,Medium,761032
86,North,3,2,66,1611,2778,5321,1896,Medium,226413
87,West,6,5,226,759,2377,4883,1364,High,543802
88,South,1,2,57,474,2073,6082,1526,Medium,544936
89,West,6,4,159,975,1337,8257,1134,Medium,568102
90,South,7,5,240,993,424,9300,1236,High,1131968
91,South,2,2,85,903,1721,9175,1828,Medium,703640
92,West,7,5,155,887,1679,8618,855,Medium,641067
93,North,3,2,65,1159,2344,7352,1178,Low,289183
94,South,7,6,233,371,2061,3706,1685,High,896773
95,West,1,2,55,1281,1554,4973,804,High,446635
96,North,1,1,54,408,1750,2860,720,Medium,584738
97,West,6,4,128,295,933,8085,938,Low,793408
98,North,1,1,53,1969,1907,2064,1672,Low,364758
99,South,6,5,209,721,2344,8952,1539,Low,788676
100,West,6,6,204,951,826,9941,591,Medium,886720
101,West,1,1,51,1546,1275,4144,1343,High,364477
102,North,6,5,139,1386,563,5816,1495,High,529213
103,West,7,5,160,1669,331,6361,1678,High,569432
104,West,3,3,108,383,2740,5133,1868,Medium,413288
105,South,7,6,247,288,1727,3761,498,High,986190
106,South,5,4,176,1661,2009,4057,1202,High,534235
107,East,4,3,119,998,923,5015,1403,Low,710167
108,West,6,6,237,428,1844,3074,1691,High,719018
109,South,6,6,194,817,1540,4258,403,Medium,995177
110,West,5,5,162,1866,2474,7350,516,Medium,459944
111,South,5,3,109,874,2171,6817,773,High,719541
112,West,6,6,203,309,1785,7944,609,Low,672217
113,North,5,5,147,176,2368,8732,590,Low,542677
114,South,7,5,231,444,2594,5830,1069,Medium,808646
115,West,7,5,189,119,1368,6916,1934,High,691477
116,South,6,6,219,344,426,3911,1648,High,874592
117,West,6,5,243,813,2887,5185,1000,Low,681513
118,South,6,5,245,567,704,8084,1775,High,1026289
119,East,2,3,94,278,2357,3683,1494,Medium,505091
120,West,5,4,174,490,1017,4605,1951,Low,457106
121,South,7,6,229,525,870,7415,529,Medium,1062288
122,South,3,2,88,563,2702,1737,858,Low,802233
123,East,6,5,141,767,2732,9756,1625,Medium,469635
124,East,5,3,100,230,2233,4807,1283,Medium,479165
125,East,5,4,112,890,565,3643,1578,Low,644686
126,West,3,4,100,1907,1369,9714,1538,Medium,348404
127,West,6,5,173,772,2904,9601,1509,Low,481946
128,South,6,4,171,182,2074,5650,1466,Low,634186
129,West,7,6,187,177,2195,5152,1153,Low,426982
130,East,3,2,67,812,380,2201,1910,Low,538637
131,West,2,1,57,1796,761,6820,536,Low,524510
132,South,6,5,143,288,2308,1457,1980,Low,734373
133,North,2,2,71,587,724,8957,849,Medium,679732
134,South,7,6,228,284,965,9402,1019,Medium,944311
135,South,1,2,64,176,2292,1672,1134,High,639471
136,West,7,6,213,516,2747,4528,771,High,565935
137,South,6,5,224,1789,2057,4087,1051,Low,679566
138,South,4,4,112,559,2158,9117,1470,Medium,509614
139,North,1,1,63,700,899,9329,492,High,678471
140,South,6,5,173,1375,309,8573,1006,Medium,771275
141,South,6,6,229,987,1798,4539,1776,High,896284
142,West,6,5,240,214,2010,5990,483,Medium,839634
143,South,7,6,248,778,2829,1094,1686,High,938294
144,South,7,5,155,1573,2200,7520,1669,Low,537062
145,West,2,3,93,1839,1735,2386,580,Low,469743
146,West,2,3,93,1280,2173,6883,1701,High,274850
147,West,2,2,75,1566,626,9092,1349,Medium,438373
148,West,6,5,236,752,1162,8063,518,High,807084
149,West,7,6,246,605,1925,2560,712,Low,844032
150,West,6,5,166,894,401,6550,1152,Low,575427
151,South,7,5,168,1180,1485,7950,1376,Medium,688841
152,South,7,6,219,240,1791,7549,1161,Medium,885745
153,North,3,3,99,1035,2659,7741,471,Low,367828
154,South,7,5,229,678,1495,4886,1385,High,787990
155,South,5,4,140,919,1712,5657,946,Medium,765199
156,West,6,6,231,167,2929,8750,1242,Medium,580167
157,West,6,5,246,1860,2772,6166,1548,High,620384
158,West,3,2,92,1148,309,4630,1932,Medium,478096
159,West,6,6,192,1893,2550,3247,1814,Medium,446969
160,West,6,5,202,1804,2093,1265,1400,High,537751
161,North,2,2,90,272,2609,8045,1430,Low,404105
162,West,6,5,182,1669,2648,3827,1889,Medium,481546
163,West,2,3,94,1539,1760,6748,1770,Medium,352125
164,South,7,6,233,1989,785,8153,1623,Medium,982351
165,West,6,5,229,285,1299,9958,1462,Medium,634572
166,North,1,2,64,305,1788,9433,876,Medium,565286
167,South,3,2,67,672,2881,4934,1944,Medium,595177
168,South,5,5,154,258,2344,7973,1576,High,562152
169,West,6,6,197,271,2088,3438,551,Low,672738
170,South,7,5,241,452,1963,8849,1651,Medium,1029441
171,West,2,1,58,971,524,9791,873,Low,646963
172,West,7,6,207,1902,1325,5602,1625,Low,553237
173,West,7,6,204,883,2022,3225,1932,Medium,468742
174,South,1,1,52,489,356,4435,1389,High,635446
175,West,7,5,199,981,2653,7054,1469,High,588949
176,West,3,2,88,1471,1745,8595,1356,Medium,347324
177,West,2,2,70,1596,581,6879,1789,High,475621
178,West,4,4,118,1069,1293,6241,801,Low,530040
179,South,6,4,153,776,2837,8972,423,Low,793028
180,North,2,2,70,318,1790,7581,1575,High,494700
181,North,2,2,80,1971,570,5571,1893,Medium,490191
182,West,3,2,91,194,1735,8878,966,High,594791
183,South,6,4,173,1820,1586,1592,1307,Medium,752510
184,South,3,2,74,377,313,6679,1850,Low,764195
185,South,5,4,133,248,1577,6678,1006,High,734432
186,North,3,3,89,1659,2011,7739,565,Low,391717
187,South,7,5,183,843,2533,4477,1970,Low,753655
188,South,1,1,52,337,1216,2392,861,Low,795124
189,West,7,5,197,240,2638,8457,879,Medium,647078
190,West,6,6,231,396,686,8850,1063,High,942988
191,East,6,5,120,920,2332,9747,886,High,516738
192,South,7,5,240,833,581,3565,1250,High,1100777
193,West,5,5,147,1330,2998,2777,1140,Medium,344946
194,West,6,5,247,931,390,2467,877,Medium,1016740
195,East,2,2,83,975,850,9357,690,Low,781922
196,South,7,6,224,737,2908,7903,1409,High,772162
197,South,5,4,165,100,1001,3857,525,Medium,791928
198,North,4,3,103,695,1086,6248,1045,Low,495784
199,North,2,1,59,1364,2214,5944,1503,Medium,260429
200,South,2,2,75,664,2878,6342,525,Medium,697755
201,North,2,2,66,109,476,6510,1311,Low,553556
202,South,5,4,171,608,1393,4627,425,High,886231
203,West,7,6,237,313,1427,4872,863,Medium,888725
204,South,7,6,226,1640,1552,3118,1933,High,760729
205,South,6,6,208,187,2460,4411,778,High,758035
206,West,7,6,223,1432,1562,4833,1578,Low,531599
207,West,6,6,207,174,395,6214,1147,High,738486
208,South,6,5,125,616,1946,8333,1249,High,772184
209,West,6,5,175,525,317,4515,840,Low,749023
210,West,5,5,174,357,2934,4908,1014,Medium,349580
211,West,2,2,84,1518,840,4684,1054,High,460317
212,North,6,4,128,200,482,6232,1753,Medium,637905
213,West,6,6,187,459,1582,7246,1809,High,651211
214,West,2,1,59,1005,1504,1640,1116,Low,486878
215,East,3,2,70,790,1494,2113,1198,Medium,436759
216,North,5,4,144,1541,1744,7894,1195,High,425909
217,South,7,6,226,758,1870,2654,754,High,952387
218,North,3,3,100,1944,2321,3717,946,High,376012
219,South,6,6,227,264,1652,8962,1938,Medium,860266
220,North,2,2,86,689,1183,7177,945,Medium,558190
221,South,2,2,92,725,2096,7101,1572,Medium,574416
222,West,5,5,169,847,1368,4112,644,Low,583936
223,South,5,5,172,742,2559,2563,548,High,641531
224,South,5,5,158,1118,1316,5680,1670,High,632787
225,North,2,2,77,397,1687,4339,832,Medium,590658
226,South,7,5,248,1613,550,4779,1430,Medium,1034119
227,South,6,4,167,171,591,1912,1690,Medium,944710
228,West,5,4,120,1247,2544,8044,1094,Medium,296265
229,East,4,3,117,242,452,3201,1826,Medium,616734
230,West,5,5,127,234,331,3391,460,Medium,792198
231,West,5,4,151,179,2930,7534,528,High,559652
232,South,1,2,57,896,1809,5906,540,Low,640493
233,West,3,4,101,1470,1969,7147,1928,Low,412160
234,North,6,5,127,832,2778,4125,1236,Medium,418938
235,South,6,6,227,313,2027,1363,826,High,956133
236,North,4,3,105,1915,1661,6157,983,Low,518785
237,West,2,2,93,1310,866,5049,677,High,570347
238,North,3,3,119,1050,2641,1247,1643,Medium,393010
239,North,5,4,126,1829,482,3815,589,Medium,676871
240,East,7,5,132,553,2433,4509,1387,High,458510
241,West,5,3,108,575,2727,1897,576,Low,635374
242,South,6,5,151,183,2129,2993,598,High,760572
243,West,2,1,60,302,1773,8916,1989,Low,473822
244,South,6,4,165,1147,1375,3329,1048,High,654318
245,East,6,5,125,457,1359,9644,1357,Low,590583
246,South,6,4,126,757,517,8171,736,Low,931226
247,West,5,4,126,1287,1872,2288,1542,High,464907
248,West,6,4,153,1657,339,1791,759,Medium,784504
249,South,7,6,226,217,2430,7881,1544,Low,758862
250,West,6,4,176,236,1936,1603,732,Medium,751581
251,South,5,4,140,133,762,6913,1795,High,779826
252,East,3,2,76,864,1074,6414,1711,High,583805
253,South,6,5,167,458,872,5190,1904,High,838533
254,East,4,3,108,345,2050,9935,1766,Low,529970
255,East,2,2,83,731,859,9299,758,Low,804365
256,West,2,1,57,620,2908,2300,1287,Low,343227
257,South,2,2,81,532,548,9730,1275,Low,647960
258,West,7,4,133,1030,1583,8628,1607,Low,456278
259,South,7,5,180,1221,526,7250,1144,Low,783322
260,West,7,6,244,317,2045,1751,1110,Medium,794579
261,South,2,2,74,284,1169,3400,1486,Low,666088
262,North,2,2,69,1990,2237,1234,1908,Medium,357280
263,West,2,3,96,951,1723,4461,1662,Medium,495997
264,West,6,5,216,1697,389,7429,1013,Low,656215
265,North,5,3,118,1784,685,9079,657,Medium,616412
266,North,3,4,111,447,2121,5656,1113,High,404372
267,South,7,6,241,116,2980,2766,1937,Medium,803757
268,West,7,5,242,535,1932,3024,530,High,896851
269,South,5,5,154,886,2181,1929,1799,Medium,746510
270,West,7,5,249,135,2464,8822,1443,Medium,700024
271,West,7,4,179,323,2224,6034,719,High,424730
272,South,7,5,123,593,872,1968,1442,High,884972
273,South,7,5,180,1030,1367,4793,791,Low,749717
274,East,2,2,57,293,1468,7843,1310,Low,548598
275,East,6,5,134,655,2539,9682,1853,High,537509
276,South,6,5,229,998,1273,1966,1565,Medium,986678
277,South,7,6,204,1271,598,5429,1151,Medium,851001
278,West,5,5,122,978,1685,4324,405,High,649409
279,West,7,5,222,150,1658,3025,1305,Low,567800
280,West,3,2,81,1868,2880,4173,623,Medium,356361
281,East,3,3,96,277,1976,2700,1621,Medium,442653
282,West,6,6,218,717,2256,6926,624,Low,558005
283,South,7,5,242,1235,1014,7085,1986,High,914619
284,South,7,4,164,407,1218,8937,1058,Low,771785
285,West,5,5,135,1707,2746,6111,720,Low,429596
286,West,6,6,235,1847,365,8206,818,High,901267
287,South,7,6,245,165,917,4859,1857,High,1030835
288,West,5,5,150,1690,1144,7790,849,Low,533997
289,South,7,4,151,781,2419,8225,827,Medium,675253
290,South,6,4,171,565,2217,7467,1085,High,568043
291,West,3,2,79,295,2089,9814,1442,Medium,370049
292,South,7,5,202,983,2514,9948,1540,Low,689499
293,South,3,2,90,831,2876,9428,1712,High,460771
294,South,7,4,163,832,1119,7207,528,Low,738093
295,South,7,5,235,150,2983,2241,1931,Medium,930247
296,West,6,5,190,257,959,1603,1353,Low,833834
297,West,7,6,246,394,1617,2687,1178,High,737646
298,South,6,5,219,600,1556,5193,1778,Medium,735578
299,North,2,3,91,723,625,7587,917,Medium,663475
300,North,4,4,119,1286,2928,1302,1644,Medium,394618
301,West,5,4,164,149,677,7990,1329,High,642221
302,South,3,2,67,531,1464,9267,1613,Low,533260
303,South,6,4,120,629,1662,8109,1398,High,639365
304,North,3,2,82,348,1523,9100,586,High,582360
305,South,7,4,158,100,1989,9841,610,High,756624
306,South,6,5,249,1466,2788,5422,1939,High,837419
307,West,3,2,97,1259,761,6712,455,Low,557258
308,North,5,3,104,1312,1032,8761,903,Low,505290
309,West,3,2,81,570,1105,1742,1806,High,589643
310,West,5,4,165,661,433,4282,959,Medium,658525
311,West,6,4,151,623,465,9001,1655,Low,553092
312,West,7,5,176,1891,1533,6107,1163,Low,445423
313,North,2,2,81,1223,2628,8440,1747,High,289933
314,South,5,3,113,101,687,1784,1249,Medium,821778
315,South,5,5,161,648,1045,3900,1829,Medium,771484
316,West,3,2,72,129,1539,1796,1632,Medium,543334
317,West,2,2,70,1087,2770,7618,1702,Low,254115
318,West,6,6,189,861,2625,4640,768,Low,539390
319,North,3,2,77,1136,1544,1260,627,High,538463
320,West,5,5,133,671,999,2974,1812,High,683394
321,South,6,5,218,738,2106,2717,1682,High,662783
322,South,6,6,192,746,2506,4374,1486,High,779845
323,South,7,5,168,753,854,7840,418,Medium,897018
324,West,5,4,163,974,1538,9631,807,High,665370
325,South,6,6,233,735,2668,8084,1325,High,894790
326,South,6,6,185,1264,2942,9307,1711,Medium,627879
327,West,7,5,220,1051,2179,2965,1966,Low,444750
328,West,7,5,184,1136,628,9623,1291,High,690219
329,South,5,4,168,725,1377,8247,445,Low,776856
330,West,6,6,218,663,357,5122,1115,Low,795113
331,West,7,5,206,985,1691,1496,859,High,835048
332,West,6,4,166,167,1536,2650,1355,Medium,541176
333,South,6,5,248,599,1588,8099,702,Medium,981518
334,West,6,6,240,497,1016,2938,1126,High,687356
335,West,7,5,158,1304,2068,6820,1643,High,335154
336,West,5,5,177,1763,2902,6452,1913,Medium,315127
337,West,6,5,180,1828,2183,6824,1877,Medium,330220
338,West,6,6,197,1519,2063,7290,1685,Low,424343
339,West,6,6,232,709,968,2318,862,High,1023376
340,West,3,2,83,650,2806,5154,1481,Low,404382
341,South,7,5,222,328,2140,9472,1985,Medium,777217
342,West,7,6,192,1519,2223,4648,827,Low,534258
343,South,7,5,223,402,1897,6769,1636,High,855467
344,East,6,4,126,640,1530,3541,470,High,734613
345,West,7,4,158,741,1821,3484,764,High,636144
346,South,7,5,216,1918,1093,5699,987,Medium,891175
347,West,1,2,58,771,2311,7495,923,Medium,419220
348,South,7,6,188,392,391,3470,669,High,936648
349,North,7,4,143,1946,3000,7678,442,High,454466
350,South,6,5,130,866,1562,5485,1145,Low,688610
351,North,3,2,76,1952,2438,8096,1587,High,251802
352,West,7,6,183,697,2661,1632,795,High,787651
353,West,5,5,155,728,672,8656,1995,High,673284
354,West,6,5,155,1183,1439,7748,1746,High,481428
355,West,7,6,182,229,1669,7074,1968,High,553136
356,West,1,1,57,1126,540,6234,1550,High,435012
357,East,6,4,131,355,389,3753,1370,Medium,681452
358,South,6,4,177,692,672,3531,1370,High,853851
359,South,7,6,218,811,1098,8443,1413,Medium,897454
360,South,3,2,66,540,515,1476,1881,High,897168
361,West,7,5,138,175,318,5757,1844,Medium,624109
362,South,2,3,95,876,875,4495,1619,High,769971
363,South,2,1,60,319,2163,9948,1468,Low,557743
364,South,7,5,250,656,1890,2258,540,Low,1104494
365,South,6,5,166,440,2057,3157,885,High,788515
366,North,3,4,118,1679,1768,6213,1678,High,377766
367,South,1,1,54,370,1485,7329,1862,Medium,528670
368,West,6,5,180,778,2629,5470,1687,High,350903
369,West,6,5,125,771,1156,6926,1153,Medium,535582
370,North,6,4,129,1045,2850,1541,1539,Medium,465016
371,South,6,5,201,640,1621,5536,1339,Medium,834253
372,South,7,5,142,924,459,9035,892,Low,875596
373,North,7,5,141,1005,391,1147,1471,Low,624743
374,South,5,4,121,156,2944,8285,1059,Medium,654483
375,South,6,5,146,454,1338,1914,1003,Low,856776
376,East,1,1,53,878,1151,8721,1487,Low,532714
377,South,7,6,206,1803,2634,6704,725,High,739271
378,East,6,4,123,794,600,7880,1654,Medium,678316
379,West,6,4,126,1032,569,3619,1248,Medium,574532
380,East,7,4,137,846,992,9042,1544,Low,647611
381,North,3,2,95,383,1350,8234,587,Medium,561299
382,South,6,4,155,670,782,2934,1849,Medium,829783
383,South,7,5,185,448,1511,6606,1033,Low,843678
384,South,5,4,161,684,1736,7979,945,Low,857539
385,East,7,4,133,564,1015,1369,1832,Low,664999
386,South,5,5,154,352,2480,5239,1042,High,527145
387,West,6,6,208,119,1804,5467,849,Medium,779024
388,West,5,5,145,173,448,9414,758,High,744603
389,South,6,4,150,405,2124,8070,418,Medium,657460
390,West,5,5,156,262,1443,1346,1968,Medium,531449
391,West,5,4,145,1696,1629,9085,1586,Low,436013
392,South,5,4,106,931,1170,4396,1644,Low,595758
393,South,2,2,77,805,1444,4306,1235,High,697404
394,North,3,3,113,754,969,5813,1078,Medium,639819
395,West,2,2,90,1218,1557,3701,1348,Low,382165
396,South,7,5,151,1778,2670,7964,598,Low,626256
397,West,7,6,198,914,2092,2407,572,Medium,646990
398,South,7,5,190,186,1113,2951,1865,High,832505
399,North,5,4,128,124,482,1028,1990,Medium,741462
400,South,2,2,93,759,486,8351,1304,High,763626
401,South,2,2,73,166,2396,3284,1865,Medium,491811
402,South,7,6,188,577,920,9940,1020,Low,977486
403,South,6,5,215,170,1335,2008,500,Low,862333
404,East,7,5,121,559,674,4091,1126,Medium,681483
405,South,7,5,234,907,1912,7822,1186,Low,894948
406,West,7,6,242,822,1791,5713,421,High,819103
407,South,6,6,187,187,2157,1207,1542,High,833410
408,South,3,2,88,988,2337,5840,1726,Low,597342
409,North,7,5,141,255,338,6355,1602,Low,655100
410,West,6,4,171,1573,2488,9221,1455,Medium,324615
411,West,6,6,222,1100,1939,3753,425,High,657510
412,North,7,4,138,1427,1069,5791,741,High,544876
413,North,3,2,91,1953,1202,7973,471,High,454631
414,East,1,1,54,852,1277,1174,991,Low,761317
415,South,7,6,221,1993,1762,5522,696,High,897594
416,West,6,5,120,134,2319,7454,1899,Medium,425470
417,South,5,5,162,337,1934,9427,502,High,891990
418,East,3,2,70,309,3000,9464,1120,Medium,463758
419,North,2,1,58,551,2424,6869,1396,Medium,345887
420,North,5,4,100,476,306,7194,514,Low,688795
421,South,6,6,187,1419,1561,4469,1620,Medium,745931
422,South,7,5,204,315,1424,6557,1611,Low,884830
423,West,5,4,154,368,784,6243,1433,High,649270
424,West,6,6,195,427,362,5809,1538,Medium,740314
425,West,7,5,229,501,1398,8882,1826,Low,630593
426,West,6,6,236,194,2082,6346,1797,Low,698278
427,East,2,2,65,388,2857,6973,1547,High,488341
428,West,7,5,207,957,1237,4368,631,High,624888
429,South,7,6,194,1070,2716,4758,1253,High,687527
430,South,6,5,188,1855,2399,2931,502,Low,784841
431,South,7,5,189,1887,2376,5186,1934,High,687918
432,West,6,5,192,1721,1637,2729,1216,Medium,555739
433,South,6,5,122,399,1478,8280,1730,Medium,725755
434,West,7,6,236,258,363,2011,1180,High,778554
435,West,6,5,203,415,1616,2553,1950,Low,684643
436,East,5,5,135,445,1889,2960,1024,High,667384
437,South,5,4,173,671,1425,4795,1464,Medium,789465
438,East,5,5,124,719,2843,7586,1354,Low,544614
439,South,4,4,105,454,1772,8352,1248,Medium,689109
440,East,2,2,81,675,912,7935,1288,High,568495
441,North,1,1,53,1279,2026,2106,914,Low,358621
442,West,3,3,116,1567,444,1120,464,Low,693350
443,West,6,5,178,369,2632,7730,1060,High,363516
444,West,7,5,228,153,1628,7116,1594,Medium,665411
445,West,5,4,101,1889,329,5939,1211,Medium,521022
446,South,7,6,187,875,2295,2339,1989,Medium,763727
447,South,7,5,153,872,1993,9950,1531,High,732883
448,West,6,6,185,553,2249,8385,1983,Medium,533931
449,South,6,5,125,773,1723,8923,1269,Medium,750225
450,West,7,5,208,645,2649,8478,743,Medium,579334
451,South,6,4,155,1024,2110,6048,2000,Medium,449172
452,West,7,6,206,1085,1137,9691,1365,High,573331
453,West,5,4,132,1915,1684,1270,1773,Low,528008
454,South,6,6,242,209,2065,3878,592,Medium,1034687
455,South,7,6,214,741,934,5509,1456,Low,981349
456,West,6,6,182,462,2535,9907,1394,Low,568747
457,South,7,6,215,458,1230,9013,1366,High,862322
458,South,6,4,134,448,1848,4000,1778,Medium,642228
459,East,6,5,136,830,747,6140,1044,Low,729231
460,East,2,2,71,968,2573,1221,1479,High,585270
461,South,6,5,228,995,2752,8076,1864,Low,751852
462,South,6,5,230,211,553,7042,1613,Low,887137
463,West,6,5,193,150,1520,6192,1620,Low,671412
464,South,7,5,189,788,2124,2624,1547,High,729632
465,South,6,5,187,1004,1312,6564,1182,Low,778157
466,South,6,6,203,1251,2867,7248,627,Medium,750727
467,East,6,5,143,323,1526,6016,1572,High,537329
468,West,7,5,177,508,2838,8314,538,High,582957
469,East,3,4,116,198,392,7729,1013,Low,645595
470,East,3,2,74,594,2707,7410,613,Medium,456534
471,South,7,6,223,277,2625,3435,1018,Low,781622
472,East,3,2,92,424,1877,5243,599,Low,568508
473,East,5,4,116,298,2374,1578,779,High,624688
474,East,5,4,109,633,329,2229,590,Low,703304
475,West,3,3,96,135,659,1201,1504,Low,705704
476,West,1,2,57,869,1400,9713,866,Medium,558609
477,South,7,5,189,830,2887,5952,1126,High,727593
478,West,6,5,177,585,1988,5971,1279,Low,525195
479,North,7,5,145,1322,1368,8238,1826,High,465094
480,East,3,3,94,352,2510,3061,1489,High,380809
481,South,7,4,161,427,1765,7935,1259,High,774034
482,East,1,1,53,419,886,9347,1680,Low,678895
483,South,7,5,238,444,1266,6265,673,High,984418
484,East,6,5,128,137,539,1267,1433,Medium,747142
485,West,7,5,152,128,1194,8661,666,Medium,561865
486,West,5,5,123,176,2686,4743,1858,High,441474
487,East,4,4,109,796,1219,5380,929,Medium,721702
488,East,3,3,107,628,1998,3744,1136,Medium,494986
489,South,2,2,82,227,1717,8979,1847,Medium,689427
490,South,6,5,136,542,2899,4552,1665,Medium,555633
491,South,7,5,141,558,899,4736,913,High,861561
492,South,7,5,217,495,2488,2746,724,High,845916
493,South,6,6,183,810,785,4575,1229,Medium,998373
494,East,6,4,127,286,894,8467,1507,High,646265
495,South,7,6,185,417,1459,1291,690,Medium,1050693
496,West,7,4,157,773,1036,6786,707,High,666672
497,North,2,2,81,1963,1403,6264,1772,Low,401746
498,South,6,5,235,639,551,3281,1527,Medium,1117540
499,North,6,5,147,312,1485,8911,1967,Low,533896
500,North,7,5,148,1868,1526,4095,784,Medium,547116
501,West,5,5,160,1550,533,2624,1558,High,525320
502,North,1,1,51,1793,398,6194,794,High,559955
503,West,6,5,197,673,2650,2998,1445,Medium,457435
504,South,1,1,51,889,2079,3279,1459,High,478649
505,South,2,2,66,432,492,3010,1659,Medium,786076
506,West,4,4,101,383,2100,3484,1841,Low,435793
507,North,3,2,94,344,2470,3150,1360,Low,395135
508,South,6,5,204,101,1163,1692,794,Low,1098833
509,West,5,4,104,818,548,1463,1525,High,684008
510,East,2,2,79,635,2530,2577,553,Medium,493923
511,North,4,4,107,542,2002,5982,1660,Low,406548
512,West,5,5,170,1299,2538,5263,434,High,429405
513,South,6,5,196,1999,1213,3511,500,High,889619
514,North,2,2,77,1062,727,8728,1822,High,454963
515,East,6,4,150,837,2322,7159,1516,High,462089
516,South,6,6,216,1835,2351,2818,1851,High,671799
517,West,6,6,180,956,2975,4137,1649,Medium,365892
518,West,6,6,231,892,710,2838,991,High,982924
519,East,7,4,150,701,1285,9659,1722,Medium,626564
520,West,7,5,153,432,1324,6131,1493,Low,562776
521,South,6,4,121,330,2867,4376,1767,Medium,563475
522,South,3,3,102,177,2135,7053,947,Low,741997
523,South,7,6,234,270,1649,5072,1132,Low,1021899
524,West,6,6,180,459,2928,6438,1372,High,435248
525,East,5,3,119,448,2146,7119,1676,Medium,396643
526,South,7,6,217,787,723,2209,1175,Low,967584
527,West,3,2,66,1413,616,9346,736,Medium,536152
528,West,6,6,187,301,1059,4146,642,Low,656763
529,West,7,6,208,488,2955,4524,887,Low,682997
530,South,6,6,218,264,1844,5207,1678,High,850307
531,South,6,6,238,1355,509,2807,1206,High,1009725
532,West,3,2,69,712,2043,3814,1237,Low,385570
533,South,5,5,142,471,704,2712,463,Low,968823
534,North,3,2,72,1299,886,7597,1459,Low,467862
535,West,2,2,99,1884,1453,3282,1420,Medium,374069
536,South,6,6,249,940,2349,1852,1634,High,996836
537,North,3,2,81,616,2353,3610,894,Low,446047
538,East,3,3,112,218,505,4374,1010,Low,631163
539,West,7,6,230,665,1092,6046,1661,Medium,675338
540,South,7,5,128,984,1254,9263,1947,High,634003
541,South,5,4,168,272,838,6598,1466,Low,884202
542,East,3,3,88,356,1555,4256,987,High,569468
543,South,3,2,71,119,1045,3477,1693,High,645486
544,East,1,1,51,757,1865,6567,1190,Low,468933
545,West,5,4,125,1419,691,4052,532,High,638721
546,South,6,5,226,366,2008,2316,748,High,854077
547,South,6,5,245,1089,2173,1440,924,High,999486
548,North,4,3,101,1549,624,8167,1888,High,527827
549,West,6,6,229,1017,1242,4018,463,Low,653523
550,West,7,5,123,1820,448,8595,1974,Medium,558056
551,West,7,5,207,650,2941,6513,1292,Low,587847
552,North,3,2,83,957,1845,9002,570,Low,576926
553,West,3,2,73,1394,809,7332,817,Low,542021
554,West,5,5,172,1018,2558,7860,845,High,431945
555,West,5,5,159,222,309,9095,1645,Low,668934
556,South,5,3,101,624,2620,8217,1737,High,485124
557,South,7,5,248,479,2037,5585,848,Medium,1022382
558,West,7,4,166,906,311,1031,1428,Low,630882
559,West,7,6,223,219,2161,1197,1618,Medium,657044
560,West,5,5,177,773,1262,8955,552,Low,521916
561,North,2,1,59,1523,2040,6310,594,Low,370681
562,West,7,6,204,1240,1152,1394,456,Low,774732
563,West,6,6,214,622,2075,4839,1370,Medium,530783
564,North,2,2,93,322,427,2595,1524,High,547474
565,South,1,1,52,726,1891,2089,1941,Low,523772
566,East,7,5,121,863,560,8092,1100,Low,679840
567,West,7,6,236,276,2216,6016,1844,Medium,637649
568,South,5,5,171,456,1360,6091,762,High,829485
569,South,6,5,206,327,1812,8450,1777,High,889394
570,South,5,5,131,389,2553,4526,986,Low,631639
571,South,2,1,64,289,838,1840,1507,Low,772890
572,South,5,4,152,175,754,5121,909,Low,967022
573,West,6,5,203,754,2058,2371,675,Low,577893
574,South,6,5,193,977,2781,8624,1737,Low,746220
575,West,6,4,167,826,352,4217,1598,Medium,679219
576,North,1,2,61,841,1654,1657,1036,High,568027
577,East,2,2,77,690,886,3358,469,High,643380
578,West,6,6,216,390,1694,4202,615,Medium,660488
579,South,2,2,91,541,431,7104,491,Medium,916006
580,South,7,5,154,444,2692,8481,664,High,750691
581,West,5,4,157,1760,1294,8708,1815,Low,451209
582,North,6,4,150,268,2234,9582,767,Low,524819
583,South,5,4,157,1775,2441,3206,892,Medium,662159
584,South,2,2,81,665,350,3895,638,Medium,788013
585,North,5,4,124,1220,2765,9742,1670,High,332354
586,West,5,4,152,578,355,9793,400,Low,784043
587,South,6,5,248,725,2857,3535,981,Medium,923852
588,South,7,4,171,1830,2966,3736,1436,High,521685
589,South,6,6,215,819,710,2803,432,Low,1054796
590,West,3,2,84,1496,920,3978,1378,Low,449151
591,West,7,6,204,792,599,7886,1578,Low,673867
592,West,3,2,85,1030,1988,8922,819,High,504726
593,South,7,5,222,661,2722,5721,941,Low,893370
594,North,2,2,95,1344,323,8104,710,Low,565750
595,South,7,6,244,675,2921,4288,1983,High,878290
596,East,6,5,137,812,2941,5444,1648,Low,539711
597,West,6,4,132,133,2088,3000,1270,Low,441906
598,North,2,1,64,1935,1449,1649,1958,High,465756
599,West,6,5,212,698,2871,8948,751,Low,662955
600,West,5,4,140,444,1539,7740,1213,Medium,529686
601,South,6,4,151,518,2228,5152,515,Low,641095
602,East,7,5,132,464,553,7753,1439,Low,686402
603,South,5,4,150,521,1685,1494,1386,High,891203
604,South,4,3,108,758,1871,5594,1907,Medium,740583
605,West,7,4,165,1963,1777,8105,692,Medium,569631
606,North,6,5,122,1444,1536,6661,1965,High,431514
607,West,3,2,82,853,1233,8227,1052,Low,484721
608,East,2,3,96,878,1847,8453,869,Low,550415
609,West,4,4,109,104,559,2863,726,High,715415
610,West,7,5,210,162,488,3269,1686,Low,644430
611,East,5,4,148,918,1809,9282,1954,Medium,566888
612,South,7,5,180,1202,1880,5893,1447,Medium,647340
613,South,6,5,229,322,405,7663,1735,Medium,871287
614,West,6,5,217,908,1427,9867,1902,Low,552515
615,North,3,3,113,911,560,3809,441,High,702026
616,South,6,6,180,136,1942,1172,1309,Medium,728650
617,South,6,5,221,664,1151,8434,857,High,999360
618,North,7,4,149,1095,707,6428,1616,Low,537095
619,West,7,4,175,326,386,4342,1231,Low,560297
620,East,2,1,61,329,2503,5804,967,Medium,464434
621,South,6,6,227,112,2381,9987,1570,High,685057
622,West,2,2,72,977,739,1736,1645,Low,699983
623,West,7,6,236,962,2841,1770,732,Medium,887343
624,South,5,5,171,978,733,6816,918,Medium,999580
625,South,6,5,211,301,1010,6013,1019,Low,885089
626,South,5,5,164,479,1908,6162,1944,High,760077
627,North,3,2,82,499,2881,6352,1881,Low,399134
628,North,5,4,119,1324,1251,1704,464,High,597492
629,South,5,5,125,348,772,8942,716,High,939075
630,North,1,2,57,189,1665,4569,919,Low,581608
631,South,7,5,232,937,1720,4147,1989,High,983168
632,South,6,5,241,433,1628,8633,1009,High,1018757
633,West,1,1,54,515,860,6934,612,High,658138
634,East,7,5,144,757,1016,7427,443,Medium,644655
635,North,7,4,124,1546,776,7754,1163,Low,547980
636,North,2,2,69,1135,548,5227,846,High,549349
637,West,1,1,51,437,659,9153,779,Medium,657728
638,South,7,5,218,886,1904,4452,1635,Low,895387
639,West,7,6,225,965,2645,2443,428,High,665963
640,West,7,5,185,976,1550,4732,1636,Low,577921
641,West,6,4,120,680,1153,8791,521,High,575695
642,West,6,4,140,1216,1888,7174,550,Medium,586973
643,West,7,5,174,1514,2171,7058,1036,Medium,358114
644,West,7,6,217,892,1309,4260,1248,High,679000
645,North,6,4,139,1854,400,1959,1013,High,653841
646,East,2,1,60,503,2249,2884,798,Medium,475405
647,South,6,6,219,731,694,9639,1350,High,879662
648,South,7,6,229,542,2503,9059,781,Low,732744
649,South,6,5,162,725,2357,6271,498,Medium,747130
650,West,6,5,207,1597,2150,1278,1256,Low,520533
651,South,6,5,228,982,2467,9944,1639,High,680962
652,South,7,5,223,1077,542,1218,477,High,1043398
653,North,3,3,96,397,2513,9452,1026,Medium,401692
654,South,5,5,162,407,504,8082,1922,High,893198
655,West,2,3,85,1429,2494,2590,1640,Low,269543
656,South,5,5,124,878,1714,6409,809,Low,745372
657,South,3,2,79,559,1256,3492,573,Low,673412
658,South,2,2,68,818,1228,5761,1535,Medium,562244
659,South,7,5,141,547,2257,3713,526,Low,643242
660,North,7,4,150,435,903,2733,1482,Low,686998
661,South,3,2,65,475,2949,9110,1077,Low,429958
662,West,6,6,186,1381,462,6906,523,High,735500
663,South,7,5,162,207,2168,5408,1251,High,633013
664,South,7,5,195,628,1863,5249,1948,High,896533
665,East,3,3,105,729,2597,5836,1241,Low,440174
666,West,6,6,217,746,1054,7705,1694,Low,528930
667,South,7,5,235,1238,1174,2505,487,Low,997550
668,East,5,4,114,397,2414,6449,761,Medium,592752
669,West,2,2,74,1604,2470,3199,1918,Medium,275959
670,West,6,5,225,1630,793,4858,1421,High,639216
671,East,5,5,127,798,792,3030,657,Low,745691
672,South,7,5,231,654,1335,3037,755,Low,1011617
673,West,7,5,218,682,409,1807,1028,Medium,862818
674,North,1,1,57,888,1211,4839,775,Low,574389
675,East,2,2,69,133,512,5751,1925,Low,655903
676,South,6,5,211,648,2475,5844,482,Low,787755
677,South,3,2,66,546,1628,6520,1614,High,534346
678,South,7,4,142,463,2229,1630,981,Medium,763230
679,East,3,3,90,149,755,8201,1006,High,661371
680,North,3,2,71,1143,2170,4103,718,Low,390796
681,North,1,1,50,1133,1884,1163,730,Low,575175
682,South,6,5,170,585,2952,3526,1543,Medium,646156
683,South,7,6,238,934,398,6512,1273,High,1101863
684,South,7,6,231,502,2680,1163,1780,High,1045367
685,West,7,5,124,1554,981,7755,935,Medium,639984
686,West,2,2,73,222,1747,8332,1566,High,484948
687,West,7,5,235,1827,711,9351,1594,Low,814867
688,West,6,6,201,563,2100,4691,1917,Medium,558151
689,West,6,6,228,268,1388,6734,1835,Low,629257
690,West,6,6,206,991,1801,7023,1185,High,635162
691,South,5,4,156,430,520,3067,1479,High,882039
692,West,6,6,236,686,2036,9296,1148,Medium,704055
693,North,4,4,102,1566,2809,5603,1115,High,307813
694,West,2,2,73,1505,1323,8111,475,High,493352
695,West,2,1,58,381,1660,8852,508,Medium,573877
696,South,7,5,175,855,2736,5963,1788,Low,671354
697,West,6,5,245,449,1603,8420,1092,Medium,838738
698,North,5,3,100,366,386,7859,457,Medium,673658
699,South,5,5,172,1455,648,5207,1682,High,750237
700,West,2,2,71,1593,422,7827,1264,Medium,425811
701,South,7,5,164,562,2601,7063,1542,High,628006
702,South,6,6,217,1909,559,1760,783,High,1053605
703,West,7,5,175,632,2179,3666,710,Medium,536970
704,South,5,5,131,940,776,2693,485,Low,870919
705,West,7,6,184,1658,1604,2094,1498,Low,584485
706,West,5,3,115,1626,1286,1021,1040,High,505537
707,South,6,5,211,714,702,9866,1608,Medium,946625
708,South,7,5,216,729,2417,9267,1399,Low,681414
709,West,7,6,187,880,1115,2962,1935,Medium,638467
710,South,7,5,207,297,1520,6747,794,Medium,882015
711,South,6,5,146,510,2079,8521,539,Medium,770220
712,West,6,5,216,1929,602,5832,1138,High,682662
713,South,6,6,204,407,358,2380,1243,High,943229
714,South,6,5,247,906,1461,7661,660,Medium,1126646
715,West,5,3,108,1185,2777,9412,1850,Low,326221
716,West,7,5,195,986,652,7001,1794,High,758513
717,South,6,4,137,480,601,7161,844,Medium,987126
718,West,7,4,146,230,2734,4284,1070,Medium,455732
719,South,6,4,136,949,2202,6629,532,Medium,760598
720,West,5,4,171,1119,2200,5647,1610,High,332123
721,North,6,4,130,1257,958,9052,1953,Low,535441
722,East,5,4,133,280,1816,2417,1850,Medium,528623
723,South,3,3,109,660,2460,9372,608,Low,682208
724,North,2,2,87,254,2062,4774,1904,Medium,367499
725,West,7,6,187,353,463,1610,1032,Medium,884490
726,South,5,5,173,1062,2820,7927,861,Medium,642113
727,South,6,5,213,312,2469,9896,1100,Medium,726846
728,West,7,4,133,703,1093,7417,865,Low,677993
729,South,7,6,229,1992,1506,4334,1279,Low,726663
730,West,6,4,165,632,2932,1075,1976,Medium,461753
731,South,6,6,181,489,1643,3039,465,Medium,981881
732,South,7,6,184,1600,1412,3600,1990,Medium,790086
733,West,7,5,247,497,1116,3055,440,Low,900217
734,West,6,6,244,256,675,9853,1371,Medium,925459
735,East,3,3,94,810,1053,6803,934,Medium,546139
736,East,2,2,84,876,462,7656,1490,High,696407
737,East,2,1,59,383,2924,7152,785,High,534537
738,West,7,4,160,220,2139,7417,1738,High,319939
739,West,2,3,90,1781,2933,4250,1114,High,244631
740,West,7,4,152,479,2080,8280,1918,Medium,327449
741,West,6,5,229,495,2201,5570,1912,High,526625
742,South,6,6,190,671,2711,6436,777,Low,835870
743,South,7,6,187,241,478,8061,624,High,1062394
744,South,3,2,70,1000,2382,9640,580,Medium,587503
745,East,6,5,147,141,2570,8871,1044,Low,585314
746,South,7,5,176,1448,572,9712,873,Low,881401
747,South,6,4,175,702,2971,5551,1686,Low,584212
748,South,2,2,59,544,2616,5176,849,High,680297
749,West,6,6,214,929,1294,7834,529,Medium,731684
750,North,7,4,146,383,2389,4348,1901,High,448575
751,South,5,5,153,998,1578,6988,659,Medium,855351
752,South,7,5,225,332,1958,3875,1028,Medium,793223
753,West,2,2,68,141,1728,3814,855,High,596344
754,South,7,5,217,1026,497,3281,963,High,969289
755,West,3,3,88,596,2089,3837,1757,High,401985
756,South,7,4,137,267,2648,7639,1901,Medium,637373
757,South,5,4,118,914,321,2396,1454,High,792041
758,North,6,4,138,263,461,8138,1390,High,665793
759,East,2,2,69,364,2888,5924,1211,Medium,495099
760,East,2,2,99,162,2118,6700,462,Low,557442
761,South,6,6,218,1062,2631,8707,1835,High,679549
762,South,6,5,177,237,2908,8003,1456,High,627750
763,North,1,1,54,1539,1246,8818,902,Low,445826
764,South,6,5,167,1369,2125,4336,1752,High,539765
765,East,1,1,52,733,1619,6077,724,Medium,530278
766,South,7,6,215,542,1264,5254,1239,Medium,749769
767,West,6,6,197,584,2498,8773,1149,High,481521
768,South,6,6,216,738,2651,3429,855,Medium,843203
769,North,3,2,68,163,846,1444,1517,High,667614
770,South,6,6,207,316,2422,8020,928,High,884294
771,South,7,5,194,1939,934,7449,1610,Medium,848151
772,South,6,5,232,512,2848,7171,467,Medium,1031798
773,South,5,4,173,1981,2294,4613,1611,High,571819
774,South,3,2,90,471,1575,3318,1153,High,596467
775,West,7,6,195,1254,2579,8341,804,Medium,567112
776,West,1,1,52,953,1847,8487,1880,Low,445552
777,West,6,5,248,286,2622,2009,1520,Low,685364
778,North,4,4,116,1953,1502,3988,1659,Medium,394969
779,East,5,3,104,521,2942,2393,701,High,496610
780,West,3,4,105,1299,2649,8390,822,High,405399
781,North,2,1,56,687,1691,8742,711,Medium,541935
782,South,7,6,229,613,2568,7703,781,Low,835675
783,West,7,5,242,933,1745,8634,1379,Medium,844959
784,West,6,5,212,967,1547,9466,1947,High,646271
785,North,5,4,112,1640,548,6007,1552,Low,499667
786,East,3,2,85,670,426,5509,827,Low,800924
787,East,5,3,100,671,1184,5885,1189,Low,564083
788,West,5,3,101,1685,2349,3847,1684,High,327762
789,East,1,1,61,655,2866,7502,1265,Medium,374363
790,West,6,6,243,206,2245,2633,1222,Low,724978
791,West,3,2,95,319,1702,2474,1719,Medium,483868
792,South,7,5,168,907,567,7061,1300,Medium,886290
793,South,7,5,193,467,2437,6636,404,High,843465
794,North,4,3,119,1123,2926,8744,533,Medium,425435
795,South,6,6,205,1811,2334,8607,1274,High,634166
796,South,6,6,192,362,1296,2472,592,High,942666
797,West,6,5,190,1317,2968,2797,1244,Low,440470
798,West,7,5,249,513,2801,8172,1061,High,628432
799,South,7,6,215,602,920,2672,1042,Low,975220
800,South,2,2,81,215,2389,8210,469,Medium,583748
801,West,2,2,74,272,1984,9493,1717,Medium,461327
802,West,4,3,109,722,2544,7319,1380,High,403256
803,East,6,5,136,712,2106,7773,429,Medium,562090
804,South,7,5,220,339,2687,4219,1123,High,746452
805,South,1,1,55,289,2844,7260,643,Low,687982
806,East,1,1,52,271,2635,5771,1163,Low,338049
807,South,2,2,71,281,2936,9778,1005,Medium,473381
808,South,7,5,160,934,704,1356,1230,High,995332
809,West,4,3,107,1483,2524,2315,537,Low,379061
810,East,1,1,62,961,1880,2725,1020,Medium,577508
811,North,3,4,110,1181,515,1879,1379,Low,613036
812,South,6,6,236,205,671,7190,1978,Low,1047247
813,West,7,4,167,671,2545,7126,1604,Medium,456697
814,South,3,3,91,435,2157,9615,1154,Low,447060
815,West,2,2,84,517,736,3284,858,Medium,671589
816,South,6,4,130,615,2637,9837,1353,Medium,523311
817,South,6,5,183,210,2560,1710,1474,High,849787
818,East,3,2,65,833,2357,2800,825,High,539399
819,South,5,5,173,421,2903,7065,818,Medium,783779
820,South,6,5,214,208,1141,3930,1153,High,748380
821,West,7,5,136,1292,2641,2782,658,Medium,435710
822,North,2,2,81,1060,1769,8229,1154,High,400067
823,South,6,6,186,770,738,9235,629,High,1043287
824,North,2,2,81,1013,582,3307,1998,High,495335
825,North,3,2,80,1988,2762,4371,1807,High,286794
826,East,7,5,142,605,1528,6656,540,Medium,645230
827,West,6,5,203,1922,2382,3157,1861,Medium,462513
828,West,7,5,215,572,2062,7297,1239,High,476598
829,North,7,5,142,208,1297,9297,1771,Low,558909
830,South,3,2,78,840,2450,8841,1939,Low,487280
831,East,5,4,114,815,1907,3173,1826,Medium,589148
832,West,6,4,133,1866,1511,3625,1177,High,419980
833,East,6,4,135,803,432,2306,1389,Medium,664857
834,South,6,5,178,1629,886,4856,1667,High,768716
835,West,6,5,135,1306,1226,3019,1694,High,455232
836,West,3,2,95,1419,1696,7828,445,High,486434
837,North,3,2,74,1483,2644,7280,1247,Medium,238535
838,West,6,4,174,718,1824,5040,715,Medium,530143
839,South,6,5,158,651,1954,1349,1555,Medium,892525
840,South,6,6,214,548,2620,8803,1436,High,652315
841,South,3,2,82,713,2463,1926,1889,Medium,597403
842,South,7,6,188,958,1234,9048,648,Medium,995633
843,West,7,5,218,429,1987,3346,861,Low,754367
844,East,6,5,129,649,2563,7097,1066,High,462951
845,North,1,1,62,928,1310,6972,601,Medium,570066
846,East,4,3,117,421,2327,9587,868,High,531109
847,East,5,4,124,778,2966,1577,1659,High,691072
848,South,7,5,136,647,1522,8234,448,High,735764
849,South,5,5,153,672,615,2552,822,Low,948226
850,East,3,3,102,252,1858,6857,1769,Medium,609496
851,South,7,5,189,1129,2834,6208,1508,Low,676824
852,North,7,4,134,100,1001,7609,1386,High,533513
853,West,7,4,152,783,2178,8629,1662,Low,417785
854,East,3,2,71,249,2130,1785,629,Low,645465
855,South,7,6,248,1530,1238,2374,1261,High,925346
856,East,2,2,79,640,630,3881,528,Low,769337
857,North,2,2,87,979,2068,5214,1098,Low,339139
858,West,7,5,183,1650,2617,2205,1605,Low,439315
859,West,2,1,57,1595,1411,9220,1741,Medium,349068
860,South,3,2,68,638,2705,6746,803,Low,665245
861,West,7,5,230,574,1377,2033,1592,Medium,584470
862,West,1,1,61,830,416,1996,1343,Low,665256
863,South,3,2,99,249,2371,8098,452,High,692251
864,South,4,4,108,657,2952,3882,410,Medium,623419
865,East,2,2,72,823,1458,4035,1649,Low,454109
866,West,6,5,234,1387,2042,4147,1105,High,620144
867,South,3,2,66,965,1616,4526,681,Medium,796011
868,West,7,5,136,154,451,5446,765,Medium,734276
869,South,7,5,235,664,1357,5225,1907,Medium,1038103
870,South,6,5,155,648,2406,5447,744,Low,745993
871,West,6,4,168,293,2599,3872,1521,High,436660
872,West,6,4,153,1561,2903,5228,1824,Medium,339879
873,South,7,4,159,831,2936,2770,817,Medium,786106
874,North,3,2,85,1949,437,3749,1460,Medium,442516
875,West,7,5,218,252,1576,5036,1411,High,544513
876,East,4,3,111,995,1067,2984,737,High,630960
877,South,5,3,110,573,2053,3495,818,Low,613924
878,North,6,4,133,556,2307,3664,1271,Medium,453581
879,South,6,4,171,1601,2458,5962,1547,Medium,522571
880,South,7,6,180,986,1282,3410,1820,Low,627122
881,East,6,4,139,543,1019,6520,422,Medium,792253
882,South,6,5,220,516,2085,6530,1376,Low,772896
883,South,5,5,161,318,1114,5561,514,Medium,830402
884,West,3,2,72,274,1159,8976,1762,Medium,475809
885,South,6,5,147,214,479,6931,1570,Low,765986
886,South,5,5,139,325,2837,8074,891,High,640399
887,North,2,3,88,1119,1600,3245,931,Low,497866
888,South,2,2,75,640,913,1355,568,Low,966903
889,West,6,5,173,1664,2426,9427,470,High,452864
890,West,6,5,239,100,572,1898,706,Low,1003286
891,West,6,5,246,1127,523,8651,410,High,933721
892,West,6,4,164,807,2750,6290,541,Low,562686
893,South,7,5,193,101,1290,3639,641,Low,998826
894,West,6,5,141,1427,2988,1221,1472,High,424242
895,West,5,4,105,647,779,1691,422,Medium,782916
896,West,7,5,182,1532,937,2752,1972,Medium,640772
897,South,6,6,222,955,2601,5816,1164,High,774709
898,South,7,5,189,1078,2609,7778,650,High,758715
899,North,7,4,124,1406,1724,6696,861,High,526328
900,West,2,2,85,775,1088,6061,1218,Low,445822
901,South,3,2,75,647,1695,6908,1559,Low,640606
902,South,6,4,178,834,2710,1807,518,Low,744598
903,North,2,3,87,1007,2977,8552,514,Medium,338423
904,East,3,2,71,262,2249,7523,812,Medium,530832
905,South,6,5,210,721,2919,6226,1119,Medium,670384
906,South,2,2,77,906,2912,5769,1997,High,572221
907,North,2,2,72,1063,2883,6884,1204,Medium,251668
908,South,7,6,202,1072,1866,3657,1073,Low,757988
909,West,3,2,73,275,1599,9855,904,Low,532390
910,East,2,3,87,320,2886,7645,807,Medium,570576
911,West,7,5,211,119,1983,3765,865,Low,763872
912,South,6,5,123,144,2215,2017,1584,High,670891
913,South,6,5,156,614,2064,9810,873,Low,728194
914,South,7,5,213,876,2015,1963,1194,High,727337
915,South,6,4,131,271,1246,6489,1906,High,777128
916,North,3,3,98,1632,994,3147,1440,Medium,464269
917,North,5,4,125,1769,2112,1086,628,Medium,522217
918,East,6,5,144,736,756,3214,872,Low,774255
919,South,7,6,182,409,1220,9549,458,Medium,839122
920,South,5,5,176,952,1307,9396,1673,Low,786184
921,North,1,1,52,495,2025,6553,792,Medium,451022
922,North,7,4,133,1130,2363,8553,1954,High,321888
923,West,5,5,163,596,1656,6996,1123,Medium,531833
924,South,6,6,223,567,2379,5939,509,High,852720
925,West,6,6,187,511,2807,8851,703,High,554098
926,East,1,1,59,898,1614,6793,782,High,537306
927,South,7,6,219,1335,1911,7647,1229,High,758834
928,West,6,5,197,811,2101,4856,510,High,649529
929,West,7,4,158,765,2180,8496,1379,Medium,335850
930,West,6,5,170,1965,2643,6620,1056,High,315835
931,South,5,5,176,387,1367,8354,446,High,864344
932,West,6,5,149,1314,597,8629,1851,Medium,560958
933,North,3,2,86,1271,2705,3621,987,Low,378737
934,West,5,4,171,224,2441,8174,474,Low,434099
935,South,7,4,151,239,2816,2441,1668,Medium,576626
936,North,5,4,107,1532,2602,5022,1517,Low,289982
937,South,7,5,163,1452,2006,6014,641,Medium,678007
938,West,7,5,232,1615,2066,2615,895,Low,739438
939,South,7,6,234,119,2674,3982,905,Medium,1042820
940,South,3,3,87,693,2367,1853,481,Medium,748559
941,West,6,6,201,688,2303,3770,1301,Medium,542420
942,South,4,3,115,645,2993,7105,715,Medium,694677
943,South,2,2,80,365,1219,2568,1683,Low,631103
944,South,7,6,214,1907,1130,7602,429,Low,854562
945,West,7,5,194,457,1814,7204,948,Medium,649873
946,West,5,4,170,495,868,7227,1522,Medium,629386
947,West,7,5,127,267,317,1169,407,Medium,891079
948,East,7,5,139,424,1093,6132,1090,Low,575432
949,East,6,5,134,841,2291,5342,1974,High,583635
950,South,7,6,217,979,1365,8593,412,High,947019
951,South,2,2,59,947,1517,1448,493,Low,755381
952,West,6,6,193,1134,2308,1238,1979,High,561390
953,South,6,4,155,941,2432,5328,1683,Medium,646946
954,South,2,2,56,433,1929,9213,1387,Medium,661410
955,West,7,4,164,359,1654,3952,1785,High,576954
956,South,6,4,159,184,535,4703,1897,Medium,842509
957,East,5,4,134,427,592,5873,719,Medium,834953
958,South,5,4,166,413,709,7796,1923,Medium,836252
959,West,6,5,234,169,1590,1171,1954,Low,942442
960,East,5,5,131,515,2305,3233,1089,Low,480431
961,South,6,4,167,398,1902,6387,528,Medium,787103
962,West,6,5,232,607,1185,2352,1366,Low,795281
963,West,7,4,151,1512,410,4045,770,Medium,652883
964,South,7,6,243,1432,1694,5484,515,Medium,1035282
965,West,5,3,115,1273,2505,9768,1991,Medium,290896
966,West,7,6,180,213,2387,9704,820,High,435452
967,South,6,6,235,1563,1406,1525,424,Medium,1087973
968,West,7,4,134,486,624,5770,1443,Medium,686632
969,East,2,2,84,655,2853,4904,1381,Low,510319
970,West,6,5,224,592,962,8560,1299,Medium,740080
971,West,7,6,195,452,1632,1373,887,Medium,871747
972,South,1,1,52,911,2421,7343,556,Low,566421
973,West,2,1,55,866,2652,3633,1048,High,315697
974,West,6,6,182,252,886,3241,1726,High,692578
975,South,7,5,200,249,2060,5282,601,Medium,863587
976,West,6,5,218,329,2838,2642,408,Low,547323
977,West,6,6,202,690,343,1203,483,Low,834034
978,North,3,2,66,401,959,3551,1823,High,540461
979,North,5,5,148,1847,1601,4396,1145,Medium,461577
980,South,6,6,231,1028,2320,8111,1510,Low,785806
981,South,6,6,226,1133,1075,2573,1912,Low,746868
982,South,6,5,186,168,2927,2270,831,High,885849
983,North,2,2,72,927,869,1334,1756,Medium,656347
984,West,5,4,154,1320,2791,4946,1941,Medium,328630
985,South,6,5,201,1397,1001,2798,1680,Medium,730636
986,South,6,5,177,799,2185,4138,922,High,766969
987,East,6,4,137,831,2024,1278,1706,Low,639824
988,South,7,5,250,356,1881,1327,1660,Medium,989733
989,West,5,3,107,791,815,5831,971,Medium,704005
990,West,7,5,180,896,1858,4029,702,Medium,544908
991,South,7,4,161,915,2086,8341,1585,High,570481
992,South,6,6,224,1617,1407,6641,450,Low,857879
993,North,3,2,68,838,1410,2611,1618,High,491908
994,South,6,4,159,674,2978,1029,1162,Low,633492
995,East,3,4,110,983,983,2888,1249,Medium,592691
996,West,7,6,225,775,1734,9245,1667,Medium,545534
997,West,6,4,161,941,1737,4234,439,High,650564
998,South,2,2,57,763,2663,7232,1587,Medium,452658
999,South,6,6,234,153,2496,7193,478,Medium,1016555
